title,idea
Ambiance et Détente , Organiser une journée déguisée une fois par mois pour détendre l’atmosphère.
Pause et Loisirs , Installer un baby-foot ou une table de ping-pong dans la salle de pause.
Musique et Bien-être , Mettre en place une playlist collaborative pour la musique au bureau.
Santé et Bien-être , Proposer des cours de yoga ou de méditation pendant la pause déjeuner.
Expression et Créativité , Créer un mur d’expression où tout le monde peut laisser des messages ou des dessins.
Diversité et Convivialité , Organiser des déjeuners thématiques où chacun apporte un plat de sa culture.
Sport et Esprit d'Équipe , Proposer des défis sportifs entre collègues comme des courses ou des tournois.
Nutrition et Énergie , Installer une machine à smoothies dans la cuisine pour des pauses vitaminées.
Transport et Écologie , Mettre en place un système de covoiturage entre collègues pour économiser sur le transport.
Cohésion et Divertissement , Organiser des soirées jeux de société pour renforcer la cohésion d’équipe.